date, pm25, pm10, o3
2022/10/2, 41, , 33
2022/10/3, 42, , 27
2022/10/4, 26, , 12
2022/10/5, 35, , 
2022/10/6, 57, , 
2022/10/7, 72, , 
2022/10/8, 68, , 
2022/10/9, 72, , 
2022/10/10, 91, , 
2022/10/11, 63, , 
2022/10/12, 21, , 
2022/10/13, 44, , 
2022/10/14, 59, , 
2022/10/15, 93, , 
2022/10/16, 80, , 
2022/10/17, 54, , 
2022/10/18, 59, , 
2022/10/19, 112, , 
2022/10/20, 151, , 
2022/10/21, 153, , 
2022/10/22, 23, , 
2022/10/23, 12, , 
2022/10/24, 15, , 
2022/9/2, 38, , 33
2022/9/3, 42, , 22
2022/9/4, 13, , 20
2022/9/5, 12, , 32
2022/9/6, 12, , 44
2022/9/7, 19, , 30
2022/9/8, 17, , 31
2022/9/9, 16, , 29
2022/9/10, 43, , 30
2022/9/11, 82, , 26
2022/9/12, 76, , 30
2022/9/13, 58, , 24
2022/9/14, 27, , 25
2022/9/15, 24, , 23
2022/9/16, 22, , 28
2022/9/17, 13, , 25
2022/9/18, 11, , 29
2022/9/19, 27, , 37
2022/9/20, 48, , 36
2022/9/21, 53, , 27
2022/9/22, 47, , 30
2022/9/23, 21, , 30
2022/9/24, 30, , 28
2022/9/25, 23, , 36
2022/9/26, 34, , 41
2022/9/27, 44, , 25
2022/9/28, 26, , 25
2022/9/29, 17, , 22
2022/9/30, 11, , 16
2022/10/1, 30, , 30
2022/8/2, 13, , 36
2022/8/3, 14, , 25
2022/8/4, 18, , 26
2022/8/5, 13, , 31
2022/8/6, 12, , 41
2022/8/7, 21, , 46
2022/8/8, 29, , 27
2022/8/9, 17, , 34
2022/8/10, 27, , 20
2022/8/11, 14, , 27
2022/8/12, 19, , 24
2022/8/13, 14, , 32
2022/8/14, 13, , 25
2022/8/15, 14, , 29
2022/8/16, 16, , 29
2022/8/17, 11, , 65
2022/8/18, 29, , 42
2022/8/19, 42, , 19
2022/8/20, 9, , 22
2022/8/21, 12, , 28
2022/8/22, 19, , 25
2022/8/23, 12, , 27
2022/8/24, 14, , 36
2022/8/25, 21, , 32
2022/8/26, 19, , 22
2022/8/27, 14, , 22
2022/8/28, 13, , 26
2022/8/29, 18, , 33
2022/8/30, 26, , 49
2022/8/31, 32, , 39
2022/9/1, 42, , 45
2022/7/2, 28, , 21
2022/7/3, 22, , 20
2022/7/4, 17, , 25
2022/7/5, 26, , 20
2022/7/6, 39, , 15
2022/7/7, 9, , 18
2022/7/8, 9, , 21
2022/7/9, 9, , 20
2022/7/10, 11, , 23
2022/7/11, 13, , 34
2022/7/12, 18, , 26
2022/7/13, 17, , 25
2022/7/14, 14, , 25
2022/7/15, 16, , 23
2022/7/16, 11, , 16
2022/7/17, 10, , 20
2022/7/18, 10, , 23
2022/7/19, 13, , 28
2022/7/20, 20, , 34
2022/7/21, 20, , 24
2022/7/22, 17, , 25
2022/7/23, 10, , 26
2022/7/24, 12, , 36
2022/7/25, 23, , 59
2022/7/26, 34, , 58
2022/7/27, 37, , 44
2022/7/28, 22, , 48
2022/7/29, 26, , 55
2022/7/30, 36, , 42
2022/7/31, 34, , 38
2022/8/1, 26, , 16
2022/6/2, 19, , 25
2022/6/3, 19, , 22
2022/6/4, 10, , 21
2022/6/5, 12, , 21
2022/6/6, 7, , 20
2022/6/7, 9, , 21
2022/6/8, 15, , 27
2022/6/9, 9, , 21
2022/6/10, 10, , 19
2022/6/11, 7, , 23
2022/6/12, 8, , 22
2022/6/13, 9, , 21
2022/6/14, 10, , 26
2022/6/15, 14, , 21
2022/6/16, 20, , 27
2022/6/17, 12, , 25
2022/6/18, 15, , 25
2022/6/19, 15, , 19
2022/6/20, 12, , 28
2022/6/21, 12, , 29
2022/6/22, 15, , 21
2022/6/23, 12, , 27
2022/6/24, 13, , 33
2022/6/25, 13, , 34
2022/6/26, 12, , 44
2022/6/27, 16, , 33
2022/6/28, 20, , 20
2022/6/29, 14, , 22
2022/6/30, 14, , 27
2022/7/1, 26, , 23
2022/5/2, 13, , 29
2022/5/3, 7, , 32
2022/5/4, 9, , 29
2022/5/5, 17, , 29
2022/5/6, 10, , 26
2022/5/7, 9, , 31
2022/5/8, 8, , 32
2022/5/9, 7, , 29
2022/5/10, 10, , 30
2022/5/11, 11, , 28
2022/5/12, 11, , 29
2022/5/13, 11, , 28
2022/5/14, 20, , 22
2022/5/15, 6, , 23
2022/5/16, 9, , 31
2022/5/17, 7, , 32
2022/5/18, 16, , 33
2022/5/19, 14, , 29
2022/5/20, 13, , 29
2022/5/21, 19, , 29
2022/5/22, 19, , 32
2022/5/23, 18, , 27
2022/5/24, 13, , 26
2022/5/25, 14, , 31
2022/5/26, 10, , 24
2022/5/27, 20, , 32
2022/5/28, 10, , 23
2022/5/29, 13, , 29
2022/5/30, 8, , 27
2022/5/31, 9, , 21
2022/6/1, 14, , 27
2022/4/2, 20, , 
2022/4/3, 21, , 
2022/4/4, 22, , 
2022/4/5, 12, , 
2022/4/6, 14, , 
2022/4/7, 21, , 
2022/4/8, 25, , 
2022/4/9, 10, , 
2022/4/10, 11, , 
2022/4/11, 8, , 
2022/4/12, 8, , 
2022/4/13, 10, , 
2022/4/14, 9, , 
2022/4/15, 13, , 
2022/4/16, 15, , 
2022/4/17, 11, , 
2022/4/18, 16, , 
2022/4/19, 13, , 
2022/4/20, 8, , 
2022/4/21, 16, , 
2022/4/22, 10, , 
2022/4/23, 26, , 
2022/4/24, 24, , 
2022/4/25, 31, , 
2022/4/26, 22, , 
2022/4/27, 12, , 
2022/4/28, 14, , 
2022/4/29, 14, , 34
2022/4/30, 12, , 34
2022/5/1, 13, , 32
2022/3/2, 13, , 
2022/3/3, 14, , 
2022/3/4, 9, , 
2022/3/5, 11, , 
2022/3/6, 23, , 
2022/3/7, 33, , 
2022/3/8, 46, , 
2022/3/9, 29, , 
2022/3/10, 22, , 
2022/3/11, 41, , 
2022/3/12, 42, , 
2022/3/13, 24, , 
2022/3/14, 9, , 
2022/3/15, 16, , 
2022/3/16, 11, , 
2022/3/17, 21, , 
2022/3/18, 24, , 
2022/3/19, 11, , 
2022/3/20, 9, , 
2022/3/21, 13, , 
2022/3/22, 10, , 
2022/3/23, 18, , 
2022/3/24, 14, , 
2022/3/25, 25, , 
2022/3/26, 25, , 
2022/3/27, 20, , 
2022/3/28, 32, , 
2022/3/29, 12, , 
2022/3/30, 13, , 
2022/3/31, 13, , 
2022/4/1, 14, , 
2022/2/2, 19, , 
2022/2/3, 12, , 
2022/2/4, 23, , 
2022/2/5, 35, , 
2022/2/6, 26, , 
2022/2/7, 62, , 
2022/2/8, 41, , 
2022/2/9, 59, , 
2022/2/10, 76, , 
2022/2/11, 69, , 
2022/2/12, 40, , 
2022/2/13, 23, , 
2022/2/14, 43, , 
2022/2/15, 11, , 
2022/2/16, 18, , 
2022/2/17, 19, , 
2022/2/18, 34, , 
2022/2/19, 63, , 
2022/2/20, 36, , 
2022/2/21, 9, , 
2022/2/22, 13, , 
2022/2/23, 24, , 
2022/2/24, 28, , 
2022/2/25, 45, , 
2022/2/26, 64, , 
2022/2/27, 86, , 
2022/2/28, 19, , 
2022/3/1, 7, , 
2022/1/4, 6, , 
2022/1/5, 8, , 
2022/1/6, 17, , 
2022/1/7, 6, , 
2022/1/8, 10, , 
2022/1/9, 27, , 
2022/1/10, 52, , 
2022/1/11, 49, , 
2022/1/12, 27, , 
2022/1/13, 21, , 
2022/1/14, 11, , 
2022/1/15, 35, , 
2022/1/16, 50, , 
2022/1/17, 42, , 
2022/1/18, 45, , 
2022/1/19, 25, , 
2022/1/20, 25, , 
2022/1/21, 11, , 
2022/1/22, 32, , 
2022/1/23, 48, , 
2022/1/24, 52, , 
2022/1/25, 48, , 
2022/1/26, 47, , 
2022/1/27, 57, , 
2022/1/28, 47, , 
2022/1/29, 64, , 
2022/1/30, 90, , 
2022/1/31, 58, , 
2022/2/1, 11, , 
2021/10/2, 31, , 26
2021/10/3, 36, , 21
2021/10/4, 28, , 3
2021/10/5, 48, , 
2021/10/6, 26, , 
2021/10/7, 17, , 
2021/10/8, 38, , 
2021/10/9, 38, , 
2021/10/10, 19, , 
2021/10/11, 12, , 
2021/10/12, 23, , 
2021/10/13, 26, , 
2021/10/14, 21, , 
2021/10/15, 17, , 
2021/10/16, 29, , 
2021/10/17, 42, , 
2021/10/18, 41, , 
2021/10/19, 19, , 
2021/10/20, 68, , 
2021/10/21, 32, , 
2021/10/22, 43, , 
2021/10/23, 18, , 
2021/10/24, 20, , 
2021/10/25, 25, , 
2021/10/26, 14, , 
2021/10/27, 18, , 
2021/10/28, 30, , 
2021/10/29, 20, , 
2021/10/30, 14, , 
2021/10/31, 21, , 
2021/11/1, 29, , 
2021/11/2, 37, , 
2021/11/3, 67, , 
2021/11/4, 66, , 
2021/11/5, 16, , 
2021/11/6, 20, , 
2021/11/7, 10, , 
2021/11/8, 8, , 
2021/11/9, 30, , 
2021/11/10, 17, , 
2021/11/11, 31, , 
2021/11/12, 8, , 
2021/11/13, 9, , 
2021/11/14, 32, , 
2021/11/15, 8, , 
2021/11/16, 10, , 
2021/11/17, 27, , 
2021/11/18, 31, , 
2021/11/19, 51, , 
2021/11/20, 17, , 
2021/11/21, 37, , 
2021/11/22, 64, , 
2021/11/23, 45, , 
2021/11/24, 19, , 
2021/11/25, 43, , 
2021/11/26, 31, , 
2021/11/27, 16, , 
2021/11/28, 19, , 
2021/11/29, 10, , 
2021/11/30, 17, , 
2021/12/1, 18, , 
2021/12/2, 37, , 
2021/12/3, 15, , 
2021/12/4, 48, , 
2021/12/5, 31, , 
2021/12/6, 29, , 
2021/12/7, 28, , 
2021/12/8, 22, , 
2021/12/9, 12, , 
2021/12/10, 18, , 
2021/12/11, 12, , 
2021/12/12, 10, , 
2021/12/13, 7, , 
2021/12/14, 8, , 
2021/12/15, 12, , 
2021/12/16, 10, , 
2021/12/17, 13, , 
2021/12/18, 35, , 
2021/12/19, 9, , 
2021/12/20, 21, , 
2021/12/21, 27, , 
2021/12/22, 30, , 
2021/12/23, 11, , 
2021/12/24, 8, , 
2021/12/25, 7, , 
2021/12/26, 9, , 
2021/12/27, 9, , 
2021/12/28, 14, , 
2021/12/29, 18, , 
2021/12/30, 38, , 
2021/12/31, 18, , 
2022/1/1, 23, , 
2022/1/2, 55, , 
2022/1/3, 25, , 
2021/7/2, 19, , 30
2021/7/3, 33, , 33
2021/7/4, 41, , 28
2021/7/5, 31, , 33
2021/7/6, 19, , 31
2021/7/7, 20, , 21
2021/7/8, 12, , 24
2021/7/9, 19, , 29
2021/7/10, 19, , 28
2021/7/11, 21, , 30
2021/7/12, 18, , 25
2021/7/13, 18, , 28
2021/7/14, 24, , 25
2021/7/15, 28, , 24
2021/7/16, 16, , 21
2021/7/17, 15, , 22
2021/7/18, 12, , 24
2021/7/19, 13, , 24
2021/7/20, 12, , 19
2021/7/21, 21, , 21
2021/7/22, 18, , 24
2021/7/23, 11, , 30
2021/7/24, 15, , 28
2021/7/25, 18, , 23
2021/7/26, 18, , 26
2021/7/27, 16, , 29
2021/7/28, 18, , 34
2021/7/29, 27, , 46
2021/7/30, 28, , 48
2021/7/31, 32, , 24
2021/8/1, 23, , 35
2021/8/2, 23, , 35
2021/8/3, 34, , 34
2021/8/4, 41, , 44
2021/8/5, 30, , 14
2021/8/6, 10, , 14
2021/8/7, 7, , 14
2021/8/8, 8, , 27
2021/8/9, 17, , 29
2021/8/10, 18, , 34
2021/8/11, 21, , 42
2021/8/12, 24, , 50
2021/8/13, 43, , 40
2021/8/14, 43, , 38
2021/8/15, 38, , 29
2021/8/16, 24, , 20
2021/8/17, 23, , 24
2021/8/18, 17, , 25
2021/8/19, 29, , 23
2021/8/20, 26, , 20
2021/8/21, 11, , 20
2021/8/22, 9, , 29
2021/8/23, 20, , 28
2021/8/24, 31, , 38
2021/8/25, 36, , 31
2021/8/26, 27, , 20
2021/8/27, 12, , 30
2021/8/28, 15, , 38
2021/8/29, 36, , 36
2021/8/30, 23, , 30
2021/8/31, 19, , 32
2021/9/1, 14, , 33
2021/9/2, 23, , 34
2021/9/3, 32, , 36
2021/9/4, 34, , 35
2021/9/5, 46, , 22
2021/9/6, 14, , 39
2021/9/7, 16, , 35
2021/9/8, 42, , 43
2021/9/9, 30, , 25
2021/9/10, 16, , 22
2021/9/11, 10, , 32
2021/9/12, 16, , 24
2021/9/13, 16, , 29
2021/9/14, 17, , 30
2021/9/15, 19, , 27
2021/9/16, 12, , 27
2021/9/17, 20, , 28
2021/9/18, 40, , 34
2021/9/19, 9, , 24
2021/9/20, 12, , 26
2021/9/21, 22, , 28
2021/9/22, 21, , 24
2021/9/23, 23, , 22
2021/9/24, 18, , 36
2021/9/25, 29, , 32
2021/9/26, 28, , 27
2021/9/27, 14, , 24
2021/9/28, 9, , 21
2021/9/29, 13, , 25
2021/9/30, 14, , 11
2021/10/1, 25, , 21
2021/4/2, 35, , 
2021/4/3, 31, , 
2021/4/4, 40, , 
2021/4/5, 23, , 
2021/4/6, 20, , 
2021/4/7, 28, , 
2021/4/8, 19, , 
2021/4/9, 11, , 
2021/4/10, 17, , 
2021/4/11, 14, , 
2021/4/12, 22, , 
2021/4/13, 18, , 
2021/4/14, 16, , 
2021/4/15, 24, , 
2021/4/16, 26, , 
2021/4/17, 21, , 
2021/4/18, 24, , 
2021/4/19, 23, , 
2021/4/20, 21, , 
2021/4/21, 18, , 
2021/4/22, 27, , 
2021/4/23, 24, , 
2021/4/24, 25, , 
2021/4/25, 16, , 
2021/4/26, 13, , 
2021/4/27, 10, , 
2021/4/28, 19, , 
2021/4/29, 22, , 
2021/4/30, 22, , 20
2021/5/1, 11, , 26
2021/5/2, 10, , 30
2021/5/3, 10, , 26
2021/5/4, 12, , 34
2021/5/5, 12, , 32
2021/5/6, 27, , 34
2021/5/7, 14, , 29
2021/5/8, 12, , 32
2021/5/9, 15, , 29
2021/5/10, 13, , 32
2021/5/11, 15, , 40
2021/5/12, 17, , 38
2021/5/13, 19, , 36
2021/5/14, 14, , 31
2021/5/15, 15, , 33
2021/5/16, 19, , 37
2021/5/17, 18, , 25
2021/5/18, 9, , 31
2021/5/19, 12, , 30
2021/5/20, 11, , 28
2021/5/21, 14, , 28
2021/5/22, 23, , 31
2021/5/23, 22, , 26
2021/5/24, 13, , 18
2021/5/25, 12, , 26
2021/5/26, 10, , 32
2021/5/27, 13, , 29
2021/5/28, 10, , 29
2021/5/29, 12, , 
2021/5/30, 17, , 39
2021/5/31, 17, , 42
2021/6/1, 20, , 44
2021/6/2, 24, , 33
2021/6/3, 18, , 22
2021/6/4, 10, , 35
2021/6/5, 10, , 30
2021/6/6, 9, , 28
2021/6/7, 14, , 27
2021/6/8, 12, , 25
2021/6/9, 10, , 26
2021/6/10, 11, , 26
2021/6/11, 9, , 18
2021/6/12, 11, , 26
2021/6/13, 14, , 21
2021/6/14, 9, , 24
2021/6/15, 11, , 20
2021/6/16, 12, , 32
2021/6/17, 13, , 35
2021/6/18, 15, , 26
2021/6/19, 13, , 32
2021/6/20, 14, , 31
2021/6/21, 18, , 41
2021/6/22, 27, , 24
2021/6/23, 15, , 21
2021/6/24, 10, , 28
2021/6/25, 15, , 37
2021/6/26, 23, , 44
2021/6/27, 38, , 43
2021/6/28, 45, , 37
2021/6/29, 40, , 25
2021/6/30, 30, , 15
2021/7/1, 35, , 21
2021/1/5, 11, , 
2021/1/6, 13, , 
2021/1/7, 15, , 
2021/1/8, 28, , 
2021/1/9, 27, , 
2021/1/10, 44, , 
2021/1/11, 50, , 
2021/1/12, 21, , 
2021/1/13, 6, , 
2021/1/14, 21, , 
2021/1/15, 37, , 
2021/1/16, 46, , 
2021/1/17, 35, , 
2021/1/18, 41, , 
2021/1/19, 38, , 
2021/1/20, 41, , 
2021/1/21, 56, , 
2021/1/22, 64, , 
2021/1/23, 26, , 
2021/1/24, 48, , 
2021/1/25, 26, , 
2021/1/26, 16, , 
2021/1/27, 32, , 
2021/1/28, 36, , 
2021/1/29, 18, , 
2021/1/30, 23, , 
2021/1/31, 9, , 
2021/2/1, 15, , 
2021/2/2, 17, , 
2021/2/3, 7, , 
2021/2/4, 10, , 
2021/2/5, 17, , 
2021/2/6, 11, , 
2021/2/7, 11, , 
2021/2/8, 11, , 
2021/2/9, 21, , 
2021/2/10, 38, , 
2021/2/11, 57, , 
2021/2/12, 32, , 
2021/2/13, 17, , 
2021/2/16, 19, , 
2021/2/17, 15, , 
2021/2/18, 35, , 
2021/2/19, 52, , 
2021/2/20, 12, , 
2021/2/21, 20, , 
2021/2/22, 11, , 
2021/2/23, 9, , 
2021/2/24, 16, , 
2021/2/25, 32, , 
2021/2/26, 23, , 
2021/2/27, 17, , 
2021/2/28, 23, , 
2021/3/1, 29, , 
2021/3/2, 60, , 
2021/3/3, 54, , 
2021/3/4, 70, , 
2021/3/5, 45, , 
2021/3/6, 38, , 
2021/3/7, 13, , 
2021/3/8, 18, , 
2021/3/9, 26, , 
2021/3/10, 12, , 
2021/3/11, 21, , 
2021/3/12, 33, , 
2021/3/13, 54, , 
2021/3/14, 48, , 
2021/3/15, 18, , 
2021/3/16, 16, , 
2021/3/17, 41, , 
2021/3/18, 49, , 
2021/3/19, 25, , 
2021/3/20, 8, , 
2021/3/21, 10, , 
2021/3/22, 14, , 
2021/3/23, 11, , 
2021/3/24, 30, , 
2021/3/25, 25, , 
2021/3/26, 14, , 
2021/3/27, 27, , 
2021/3/28, 47, , 
2021/3/29, 23, , 
2021/3/30, 19, , 
2021/3/31, 37, , 
2021/4/1, 47, , 
2020/10/2, 67, , 27
2020/10/3, 70, , 17
2020/10/4, 58, , 12
2020/10/5, 57, , 15
2020/10/6, 49, , 16
2020/10/7, 53, , 13
2020/10/8, 62, , 14
2020/10/9, 23, , 15
2020/10/10, 36, , 29
2020/10/11, 17, , 22
2020/10/12, 12, , 25
2020/10/13, 17, , 26
2020/10/14, 16, , 24
2020/10/15, 22, , 22
2020/10/16, 31, , 21
2020/10/17, 31, , 17
2020/10/18, 27, , 16
2020/10/19, 25, , 26
2020/10/20, 10, , 31
2020/10/21, 21, , 27
2020/10/22, 16, , 19
2020/10/23, 41, , 15
2020/10/24, 31, , 19
2020/10/25, 16, , 25
2020/10/26, 23, , 19
2020/10/27, 53, , 15
2020/10/28, 65, , 9
2020/10/29, 55, , 11
2020/10/30, 60, , 24
2020/10/31, 50, , 16
2020/11/1, 51, , 16
2020/11/2, 60, , 5
2020/11/3, 90, , 
2020/11/4, 43, , 
2020/11/5, 10, , 
2020/11/6, 23, , 
2020/11/7, 21, , 
2020/11/8, 36, , 
2020/11/9, 38, , 
2020/11/10, 53, , 
2020/11/11, 32, , 
2020/11/12, 44, , 
2020/11/13, 67, , 
2020/11/14, 15, , 
2020/11/15, 18, , 
2020/11/16, 19, , 
2020/11/17, 40, , 
2020/11/18, 20, , 
2020/11/19, 15, , 
2020/11/20, 19, , 
2020/11/21, 55, , 
2020/11/22, 50, , 
2020/11/23, 52, , 
2020/11/24, 24, , 
2020/11/25, 28, , 
2020/11/26, 15, , 
2020/11/27, 27, , 
2020/11/28, 32, , 
2020/11/29, 33, , 
2020/11/30, 43, , 
2020/12/1, 26, , 
2020/12/2, 36, , 
2020/12/3, 28, , 
2020/12/4, 57, , 
2020/12/5, 76, , 
2020/12/6, 73, , 
2020/12/7, 49, , 
2020/12/8, 56, , 
2020/12/9, 67, , 
2020/12/10, 34, , 
2020/12/11, 43, , 
2020/12/12, 22, , 
2020/12/13, 49, , 
2020/12/14, 40, , 
2020/12/15, 18, , 
2020/12/16, 13, , 
2020/12/17, 18, , 
2020/12/18, 15, , 
2020/12/19, 18, , 
2020/12/20, 9, , 
2020/12/21, 12, , 
2020/12/22, 9, , 
2020/12/23, 19, , 
2020/12/24, 35, , 
2020/12/25, 48, , 
2020/12/26, 49, , 
2020/12/27, 9, , 
2020/12/28, 23, , 
2020/12/29, 31, , 
2020/12/30, 58, , 
2020/12/31, 20, , 
2021/1/1, 11, , 
2021/1/2, 9, , 
2021/1/3, 7, , 
2021/1/4, 11, , 
2020/7/2, 9, , 30
2020/7/3, 33, , 32
2020/7/4, 34, , 27
2020/7/5, 26, , 25
2020/7/6, 27, , 21
2020/7/7, 11, , 18
2020/7/8, 10, , 24
2020/7/9, 12, , 19
2020/7/10, 13, , 25
2020/7/11, 15, , 22
2020/7/12, 17, , 21
2020/7/13, 14, , 32
2020/7/14, 15, , 34
2020/7/15, 18, , 26
2020/7/16, 17, , 17
2020/7/17, 10, , 18
2020/7/18, 10, , 26
2020/7/19, 17, , 23
2020/7/20, 19, , 32
2020/7/21, 21, , 25
2020/7/22, 16, , 21
2020/7/23, 9, , 22
2020/7/24, 10, , 19
2020/7/25, 12, , 28
2020/7/26, 17, , 42
2020/7/27, 21, , 59
2020/7/28, 33, , 32
2020/7/29, 18, , 31
2020/7/30, 15, , 38
2020/7/31, 19, , 23
2020/8/1, 17, , 24
2020/8/2, 10, , 22
2020/8/3, 9, , 25
2020/8/4, 15, , 30
2020/8/5, 22, , 26
2020/8/6, 19, , 22
2020/8/7, 12, , 27
2020/8/8, 18, , 24
2020/8/9, 15, , 31
2020/8/10, 14, , 27
2020/8/11, 15, , 31
2020/8/12, 19, , 30
2020/8/13, 23, , 35
2020/8/14, 28, , 39
2020/8/15, 37, , 53
2020/8/16, 34, , 42
2020/8/17, 42, , 34
2020/8/18, 21, , 27
2020/8/19, 13, , 29
2020/8/20, 17, , 16
2020/8/21, 7, , 16
2020/8/22, 7, , 28
2020/8/23, 14, , 28
2020/8/24, 20, , 28
2020/8/25, 19, , 31
2020/8/26, 18, , 26
2020/8/27, 19, , 27
2020/8/28, 16, , 30
2020/8/29, 15, , 25
2020/8/30, 12, , 24
2020/8/31, 19, , 27
2020/9/1, 12, , 30
2020/9/2, 15, , 29
2020/9/3, 14, , 37
2020/9/4, 13, , 26
2020/9/5, 38, , 35
2020/9/6, 36, , 35
2020/9/7, 39, , 37
2020/9/8, 69, , 37
2020/9/9, 131, , 25
2020/9/10, 121, , 4
2020/9/11, 361, , 6
2020/9/12, 214, , 5
2020/9/13, 191, , 9
2020/9/14, 563, , 20
2020/9/15, 424, , 18
2020/9/16, 285, , 22
2020/9/17, 342, , 14
2020/9/18, 355, , 14
2020/9/19, 88, , 21
2020/9/20, 21, , 19
2020/9/21, 30, , 2
2020/9/22, 40, , 22
2020/9/23, 10, , 15
2020/9/24, 21, , 22
2020/9/25, 15, , 17
2020/9/26, 14, , 21
2020/9/27, 11, , 22
2020/9/28, 15, , 31
2020/9/29, 16, , 27
2020/9/30, 32, , 26
2020/10/1, 53, , 15
2020/4/2, 14, , 
2020/4/3, 15, , 
2020/4/4, 18, , 
2020/4/5, 24, , 
2020/4/6, 24, , 
2020/4/7, 15, , 
2020/4/8, 30, , 
2020/4/9, 45, , 
2020/4/10, 35, , 
2020/4/11, 21, , 
2020/4/12, 23, , 
2020/4/13, 30, , 
2020/4/14, 29, , 
2020/4/15, 23, , 
2020/4/16, 18, , 
2020/4/17, 16, , 
2020/4/18, 19, , 
2020/4/19, 21, , 
2020/4/20, 27, , 
2020/4/21, 30, , 
2020/4/22, 14, , 
2020/4/23, 18, , 
2020/4/24, 19, , 
2020/4/25, 18, , 
2020/4/26, 15, , 
2020/4/27, 22, , 
2020/4/28, 12, , 
2020/4/29, 19, , 20
2020/4/30, 20, , 30
2020/5/1, 14, , 27
2020/5/2, 22, , 33
2020/5/3, 20, , 32
2020/5/4, 18, , 34
2020/5/5, 24, , 30
2020/5/6, 23, , 33
2020/5/7, 13, , 34
2020/5/8, 16, , 35
2020/5/9, 15, , 37
2020/5/10, 19, , 36
2020/5/11, 23, , 30
2020/5/12, 22, , 28
2020/5/13, 22, , 27
2020/5/14, 12, , 27
2020/5/15, 14, , 34
2020/5/16, 17, , 18
2020/5/17, 21, , 27
2020/5/18, 14, , 26
2020/5/19, 10, , 22
2020/5/20, 10, , 20
2020/5/21, 11, , 27
2020/5/22, 7, , 26
2020/5/23, 8, , 28
2020/5/24, 18, , 30
2020/5/25, 24, , 22
2020/5/26, 17, , 23
2020/5/27, 14, , 38
2020/5/28, 18, , 49
2020/5/29, 21, , 35
2020/5/30, 23, , 21
2020/5/31, 15, , 29
2020/6/1, 12, , 30
2020/6/2, 15, , 32
2020/6/3, 13, , 28
2020/6/4, 12, , 31
2020/6/5, 12, , 27
2020/6/6, 12, , 22
2020/6/7, 12, , 23
2020/6/8, 8, , 23
2020/6/9, 11, , 16
2020/6/10, 8, , 19
2020/6/11, 9, , 29
2020/6/12, 10, , 21
2020/6/13, 9, , 18
2020/6/14, 9, , 22
2020/6/15, 9, , 23
2020/6/16, 7, , 19
2020/6/17, 8, , 26
2020/6/18, 10, , 27
2020/6/19, 17, , 33
2020/6/20, 16, , 14
2020/6/21, 10, , 23
2020/6/22, 7, , 33
2020/6/23, 11, , 31
2020/6/24, 15, , 10
2020/6/25, 9, , 25
2020/6/26, 15, , 29
2020/6/27, 14, , 23
2020/6/28, 7, , 19
2020/6/29, 9, , 11
2020/6/30, 14, , 20
2020/7/1, 13, , 21
2020/1/2, 14, , 
2020/1/3, 16, , 
2020/1/4, 14, , 
2020/1/5, 13, , 
2020/1/6, 14, , 
2020/1/7, 12, , 
2020/1/8, 10, , 
2020/1/9, 18, , 
2020/1/10, 25, , 
2020/1/11, 14, , 
2020/1/12, 15, , 
2020/1/13, 11, , 
2020/1/14, 13, , 
2020/1/15, 12, , 
2020/1/16, 13, , 
2020/1/17, 19, , 
2020/1/18, 17, , 
2020/1/19, 15, , 
2020/1/20, 40, , 
2020/1/21, 74, , 
2020/1/22, 23, , 
2020/1/23, 10, , 
2020/1/24, 10, , 
2020/1/25, 16, , 
2020/1/26, 19, , 
2020/1/27, 13, , 
2020/1/28, 12, , 
2020/1/29, 10, , 
2020/1/30, 15, , 
2020/1/31, 21, , 
2020/2/1, 12, , 
2020/2/2, 13, , 
2020/2/3, 29, , 
2020/2/4, 29, , 
2020/2/5, 22, , 
2020/2/6, 11, , 
2020/2/7, 9, , 
2020/2/8, 9, , 
2020/2/9, 20, , 
2020/2/10, 50, , 
2020/2/11, 56, , 
2020/2/12, 49, , 
2020/2/13, 46, , 
2020/2/14, 36, , 
2020/2/15, 14, , 
2020/2/16, 12, , 
2020/2/17, 15, , 
2020/2/18, 25, , 
2020/2/19, 30, , 
2020/2/20, 24, , 
2020/2/21, 29, , 
2020/2/22, 50, , 
2020/2/23, 44, , 
2020/2/24, 23, , 
2020/2/25, 30, , 
2020/2/26, 50, , 
2020/2/27, 46, , 
2020/2/28, 51, , 
2020/2/29, 35, , 
2020/3/1, 14, , 
2020/3/2, 28, , 
2020/3/3, 25, , 
2020/3/4, 11, , 
2020/3/5, 27, , 
2020/3/6, 30, , 
2020/3/7, 14, , 
2020/3/8, 16, , 
2020/3/9, 37, , 
2020/3/10, 51, , 
2020/3/11, 34, , 
2020/3/12, 23, , 
2020/3/13, 28, , 
2020/3/14, 30, , 
2020/3/15, 24, , 
2020/3/16, 20, , 
2020/3/17, 23, , 
2020/3/18, 25, , 
2020/3/19, 27, , 
2020/3/20, 36, , 
2020/3/21, 35, , 
2020/3/22, 35, , 
2020/3/23, 36, , 
2020/3/24, 13, , 
2020/3/25, 11, , 
2020/3/26, 15, , 
2020/3/27, 21, , 
2020/3/28, 27, , 
2020/3/29, 23, , 
2019/10/2, 21, , 16
2019/10/3, 29, , 32
2019/10/4, 16, , 
2019/10/5, 16, , 
2019/10/6, 29, , 
2019/10/7, 43, , 
2019/10/8, 33, , 
2019/10/9, 9, , 
2019/10/10, 27, , 
2019/10/11, 23, , 
2019/10/12, 28, , 
2019/10/13, 53, , 
2019/10/14, 46, , 
2019/10/15, 31, , 
2019/10/16, 51, , 
2019/10/17, 43, , 
2019/10/18, 18, , 
2019/10/19, 24, , 
2019/10/20, 15, , 
2019/10/21, 16, , 
2019/10/22, 16, , 
2019/10/23, 21, , 
2019/10/24, 45, , 
2019/10/25, 58, , 
2019/10/26, 42, , 
2019/10/27, 27, , 
2019/10/28, 37, , 
2019/10/29, 43, , 
2019/10/30, 24, , 
2019/10/31, 24, , 
2019/11/1, 61, , 
2019/11/2, 58, , 
2019/11/3, 57, , 
2019/11/4, 73, , 
2019/11/5, 93, , 
2019/11/6, 80, , 
2019/11/7, 64, , 
2019/11/8, 55, , 
2019/11/9, 65, , 
2019/11/10, 53, , 
2019/11/11, 68, , 
2019/11/12, 44, , 
2019/11/13, 70, , 
2019/11/14, 52, , 
2019/11/15, 58, , 
2019/11/16, 33, , 
2019/11/17, 43, , 
2019/11/18, 35, , 
2019/11/19, 35, , 
2019/11/20, 16, , 
2019/11/21, 27, , 
2019/11/22, 49, , 
2019/11/23, 75, , 
2019/11/24, 93, , 
2019/11/25, 63, , 
2019/11/26, 21, , 
2019/11/27, 25, , 
2019/11/28, 17, , 
2019/11/29, 27, , 
2019/11/30, 39, , 
2019/12/1, 59, , 
2019/12/2, 39, , 
2019/12/3, 59, , 
2019/12/4, 71, , 
2019/12/5, 71, , 
2019/12/6, 82, , 
2019/12/7, 81, , 
2019/12/8, 59, , 
2019/12/9, 68, , 
2019/12/10, 53, , 
2019/12/11, 37, , 
2019/12/12, 42, , 
2019/12/13, 26, , 
2019/12/14, 34, , 
2019/12/15, 42, , 
2019/12/16, 59, , 
2019/12/17, 62, , 
2019/12/18, 70, , 
2019/12/19, 63, , 
2019/12/20, 16, , 
2019/12/21, 12, , 
2019/12/22, 18, , 
2019/12/23, 43, , 
2019/12/24, 25, , 
2019/12/25, 34, , 
2019/12/26, 38, , 
2019/12/27, 37, , 
2019/12/28, 25, , 
2019/12/29, 51, , 
2019/12/30, 59, , 
2019/7/2, 22, , 
2019/7/3, 13, , 
2019/7/4, 17, , 
2019/7/5, 24, , 
2019/7/6, 22, , 
2019/7/7, 12, , 
2019/7/8, 17, , 
2019/7/9, 22, , 
2019/7/10, 23, , 
2019/7/11, 14, , 
2019/7/12, 12, , 
2019/7/13, 15, , 
2019/7/14, 15, , 
2019/7/15, 15, , 
2019/7/16, 13, , 
2019/7/17, 12, , 
2019/7/18, 13, , 26
2019/7/19, 14, , 24
2019/7/20, 19, , 31
2019/7/21, 21, , 29
2019/7/22, 23, , 27
2019/7/23, 16, , 19
2019/7/24, 14, , 30
2019/7/25, 19, , 38
2019/7/26, 20, , 28
2019/7/27, 17, , 25
2019/7/28, 14, , 28
2019/7/29, 16, , 26
2019/7/30, 19, , 27
2019/7/31, 18, , 27
2019/8/1, 19, , 22
2019/8/2, 11, , 13
2019/8/3, 11, , 35
2019/8/4, 24, , 37
2019/8/5, 44, , 34
2019/8/6, 39, , 31
2019/8/7, 38, , 23
2019/8/8, 29, , 20
2019/8/9, 14, , 26
2019/8/10, 17, , 17
2019/8/11, 25, , 27
2019/8/12, 20, , 33
2019/8/13, 22, , 33
2019/8/14, 22, , 29
2019/8/15, 17, , 26
2019/8/16, 15, , 28
2019/8/17, 23, , 23
2019/8/18, 22, , 26
2019/8/19, 16, , 29
2019/8/20, 16, , 30
2019/8/21, 24, , 19
2019/8/22, 21, , 32
2019/8/23, 22, , 30
2019/8/24, 29, , 27
2019/8/25, 21, , 29
2019/8/26, 19, , 34
2019/8/27, 41, , 41
2019/8/28, 27, , 54
2019/8/29, 27, , 24
2019/8/30, 28, , 24
2019/8/31, 22, , 22
2019/9/1, 20, , 25
2019/9/2, 14, , 28
2019/9/3, 20, , 26
2019/9/4, 20, , 29
2019/9/5, 18, , 34
2019/9/6, 29, , 27
2019/9/7, 19, , 15
2019/9/8, 18, , 19
2019/9/9, 9, , 20
2019/9/10, 12, , 23
2019/9/11, 14, , 25
2019/9/12, 21, , 24
2019/9/13, 19, , 28
2019/9/14, 15, , 24
2019/9/15, 15, , 23
2019/9/16, 12, , 22
2019/9/17, 12, , 19
2019/9/18, 8, , 21
2019/9/19, 11, , 23
2019/9/20, 17, , 18
2019/9/21, 15, , 17
2019/9/22, 22, , 12
2019/9/23, 24, , 28
2019/9/24, 18, , 20
2019/9/25, 19, , 24
2019/9/26, 31, , 16
2019/9/27, 28, , 27
2019/9/28, 14, , 26
2019/9/29, 14, , 18
2019/9/30, 17, , 21
2019/10/1, 13, , 22
2019/1/2, 81, , 
2019/1/3, 68, , 
2019/1/4, 13, , 
2019/1/5, 48, , 
2019/1/6, 48, , 
2019/1/7, 6, , 
2019/1/8, 18, , 
2019/1/9, 16, , 
2019/1/10, 18, , 
2019/1/11, 21, , 
2019/1/12, 44, , 
2019/1/13, 47, , 
2019/1/14, 45, , 
2019/1/15, 27, , 
2019/1/16, 30, , 
2019/1/17, 44, , 
2019/1/18, 16, , 
2019/1/19, 20, , 
2019/1/20, 38, , 
2019/1/21, 36, , 
2019/1/22, 38, , 
2019/1/23, 11, , 
2019/1/24, 11, , 
2019/1/25, 32, , 
2019/1/26, 49, , 
2019/1/27, 78, , 
2019/1/28, 53, , 
2019/1/29, 33, , 
2019/1/30, 33, , 
2019/1/31, 65, , 
2019/2/1, 76, , 
2019/2/2, 35, , 
2019/2/3, 35, , 
2019/2/4, 14, , 
2019/2/5, 23, , 
2019/2/6, 45, , 
2019/2/7, 59, , 
2019/2/8, 62, , 
2019/2/9, 46, , 
2019/2/10, 11, , 
2019/2/11, 16, , 
2019/2/12, 5, , 
2019/2/13, 6, , 
2019/2/14, 26, , 
2019/2/15, 12, , 
2019/2/16, 5, , 
2019/2/20, 13, , 
2019/2/21, 18, , 
2019/2/22, 48, , 
2019/2/23, 18, , 
2019/2/24, 9, , 
2019/2/25, 15, , 
2019/2/26, 25, , 
2019/2/27, 35, , 
2019/2/28, 25, , 
2019/3/1, 29, , 
2019/3/2, 36, , 
2019/3/3, 36, , 
2019/3/4, 21, , 
2019/3/5, 20, , 
2019/3/6, 26, , 
2019/3/7, 34, , 
2019/3/8, 18, , 
2019/3/9, 19, , 
2019/3/10, 26, , 
2019/3/11, 29, , 
2019/3/12, 34, , 
2019/3/13, 11, , 
2019/3/14, 13, , 
2019/3/15, 32, , 
2019/3/16, 41, , 
2019/3/17, 46, , 
2019/3/18, 43, , 
2019/3/19, 18, , 
2019/3/20, 20, , 
2019/3/21, 18, , 
2019/3/22, 25, , 
2019/3/23, 30, , 
2019/3/24, 22, , 
2019/3/25, 28, , 
2019/3/26, 24, , 
2019/3/27, 24, , 
2019/3/28, 32, , 
2019/3/29, 32, , 
2019/3/30, 27, , 
2019/3/31, 37, , 
2019/4/1, 40, , 
2018/10/2, 23, , 9
2018/10/3, 19, , 
2018/10/4, 24, , 
2018/10/5, 18, , 
2018/10/6, 21, , 
2018/10/7, 28, , 
2018/10/8, 36, , 
2018/10/9, 17, , 
2018/10/10, 16, , 
2018/10/11, 41, , 
2018/10/12, 33, , 
2018/10/13, 42, , 
2018/10/14, 32, , 
2018/10/15, 20, , 
2018/10/17, 25, , 
2018/10/18, 35, , 
2018/10/19, 50, , 
2018/10/20, 64, , 
2018/10/21, 69, , 
2018/10/22, 78, , 
2018/10/23, 77, , 
2018/10/24, 43, , 
2018/10/25, 46, , 
2018/10/26, 39, , 
2018/10/27, 37, , 
2018/10/28, 57, , 
2018/10/29, 14, , 
2018/10/30, 22, , 
2018/10/31, 49, , 
2018/11/1, 29, , 
2018/11/2, 15, , 
2018/11/3, 15, , 
2018/11/4, 44, , 
2018/11/5, 26, , 
2018/11/6, 28, , 
2018/11/7, 34, , 
2018/11/8, 57, , 
2018/11/9, 59, , 
2018/11/10, 73, , 
2018/11/11, 71, , 
2018/11/12, 51, , 
2018/11/13, 44, , 
2018/11/14, 76, , 
2018/11/15, 103, , 
2018/11/16, 109, , 
2018/11/17, 53, , 
2018/11/18, 41, , 
2018/11/19, 61, , 
2018/11/20, 67, , 
2018/11/21, 73, , 
2018/11/22, 87, , 
2018/11/23, 11, , 
2018/11/24, 18, , 
2018/11/25, 45, , 
2018/11/26, 59, , 
2018/11/27, 52, , 
2018/11/28, 22, , 
2018/11/29, 37, , 
2018/11/30, 46, , 
2018/12/1, 37, , 
2018/12/2, 26, , 
2018/12/3, 45, , 
2018/12/4, 46, , 
2018/12/5, 39, , 
2018/12/6, 39, , 
2018/12/7, 42, , 
2018/12/8, 64, , 
2018/12/9, 74, , 
2018/12/10, 66, , 
2018/12/11, 60, , 
2018/12/12, 26, , 
2018/12/13, 21, , 
2018/12/14, 40, , 
2018/12/15, 46, , 
2018/12/16, 33, , 
2018/12/17, 40, , 
2018/12/18, 10, , 
2018/12/19, 12, , 
2018/12/20, 31, , 
2018/12/21, 18, , 
2018/12/22, 25, , 
2018/12/23, 29, , 
2018/12/24, 10, , 
2018/12/25, 17, , 
2018/12/26, 38, , 
2018/12/27, 15, , 
2018/12/28, 21, , 
2018/12/29, 19, , 
2018/12/30, 10, , 
2018/12/31, 13, , 
2018/7/2, 15, , 
2018/7/3, 12, , 
2018/7/4, 14, , 
2018/7/5, 45, , 
2018/7/6, 25, , 
2018/7/7, 8, , 
2018/7/10, 15, , 19
2018/7/11, 12, , 31
2018/7/12, 13, , 42
2018/7/13, 20, , 38
2018/7/14, 23, , 30
2018/7/15, 19, , 43
2018/7/16, 27, , 47
2018/7/17, 28, , 32
2018/7/18, 23, , 23
2018/7/19, 14, , 23
2018/7/20, 13, , 28
2018/7/21, 16, , 29
2018/7/22, 17, , 38
2018/7/23, 23, , 45
2018/7/24, 28, , 43
2018/7/25, 25, , 47
2018/7/26, 25, , 36
2018/7/27, 26, , 32
2018/7/28, 23, , 31
2018/7/29, 20, , 37
2018/7/30, 30, , 32
2018/7/31, 30, , 27
2018/8/1, 26, , 26
2018/8/2, 35, , 15
2018/8/3, 17, , 13
2018/8/4, 10, , 25
2018/8/5, 18, , 27
2018/8/6, 16, , 30
2018/8/7, 22, , 44
2018/8/8, 36, , 39
2018/8/9, 39, , 45
2018/8/10, 37, , 23
2018/8/11, 18, , 15
2018/8/12, 12, , 19
2018/8/13, 16, , 33
2018/8/14, 36, , 54
2018/8/15, 114, , 40
2018/8/16, 109, , 26
2018/8/17, 70, , 31
2018/8/18, 25, , 37
2018/8/19, 49, , 38
2018/8/20, 88, , 31
2018/8/21, 118, , 42
2018/8/22, 138, , 48
2018/8/23, 139, , 24
2018/8/24, 116, , 21
2018/8/25, 15, , 25
2018/8/26, 46, , 20
2018/8/27, 23, , 25
2018/8/28, 18, , 31
2018/8/29, 39, , 20
2018/8/30, 35, , 
2018/8/31, 13, , 
2018/9/1, 15, , 
2018/9/2, 15, , 
2018/9/3, 25, , 
2018/9/4, 19, , 23
2018/9/5, 32, , 45
2018/9/6, 50, , 43
2018/9/7, 48, , 25
2018/9/8, 21, , 28
2018/9/9, 12, , 13
2018/9/10, 16, , 26
2018/9/11, 18, , 22
2018/9/12, 18, , 20
2018/9/13, 16, , 19
2018/9/14, 16, , 22
2018/9/15, 19, , 22
2018/9/18, 17, , 28
2018/9/19, 17, , 26
2018/9/20, 17, , 27
2018/9/21, 15, , 20
2018/9/22, 18, , 23
2018/9/23, 14, , 27
2018/9/24, 23, , 24
2018/9/25, 23, , 30
2018/9/26, 23, , 33
2018/9/27, 27, , 28
2018/9/28, 37, , 39
2018/9/29, 39, , 28
2018/9/30, 39, , 25
2018/10/1, 35, , 23
2018/4/2, 23, , 
2018/4/3, 15, , 
2018/4/4, 32, , 
2018/4/5, 22, , 
2018/4/6, 25, , 
2018/4/7, 10, , 
2018/4/8, 9, , 
2018/4/9, 14, , 
2018/4/10, 26, , 
2018/4/11, 17, , 
2018/4/12, 8, , 
2018/4/13, 10, , 
2018/4/14, 18, , 
2018/4/15, 28, , 
2018/4/16, 14, , 
2018/4/17, 8, , 
2018/4/18, 11, , 
2018/4/19, 17, , 
2018/4/20, 16, , 
2018/4/21, 16, , 
2018/4/22, 15, , 
2018/4/23, 19, , 
2018/4/24, 19, , 
2018/4/25, 18, , 
2018/4/26, 32, , 
2018/4/27, 26, , 
2018/4/28, 21, , 
2018/4/29, 25, , 
2018/4/30, 15, , 
2018/5/1, 15, , 
2018/5/2, 15, , 
2018/5/3, 30, , 
2018/5/4, 30, , 
2018/5/5, 24, , 
2018/5/6, 33, , 
2018/5/7, 28, , 
2018/5/8, 18, , 
2018/5/9, 22, , 
2018/5/10, 10, , 
2018/5/11, 10, , 
2018/5/12, 13, , 
2018/5/13, 14, , 
2018/5/15, 22, , 
2018/5/16, 13, , 
2018/5/17, 8, , 
2018/5/18, 12, , 
2018/5/19, 21, , 
2018/5/20, 23, , 
2018/5/21, 18, , 
2018/5/22, 21, , 
2018/5/23, 30, , 
2018/5/24, 24, , 
2018/5/25, 24, , 
2018/5/26, 17, , 
2018/5/27, 13, , 
2018/5/28, 19, , 
2018/5/29, 15, , 
2018/5/30, 12, , 
2018/5/31, 13, , 
2018/6/1, 9, , 
2018/6/2, 11, , 
2018/6/3, 13, , 
2018/6/4, 13, , 
2018/6/5, 13, , 
2018/6/6, 11, , 
2018/6/7, 14, , 
2018/6/8, 10, , 
2018/6/10, 10, , 
2018/6/11, 11, , 
2018/6/12, 17, , 
2018/6/13, 10, , 
2018/6/14, 10, , 
2018/6/15, 9, , 
2018/6/16, 13, , 
2018/6/17, 19, , 
2018/6/18, 19, , 
2018/6/19, 20, , 
2018/6/20, 24, , 
2018/6/21, 29, , 
2018/6/22, 9, , 
2018/6/23, 13, , 3
2018/6/24, 8, , 
2018/6/25, 17, , 
2018/6/26, 9, , 
2018/6/27, 13, , 
2018/6/28, 15, , 
2018/6/29, 15, , 
2018/6/30, 15, , 
2018/7/1, 15, , 
2018/1/2, 57, 11, 
2018/1/3, 24, 14, 
2018/1/4, 31, 17, 
2018/1/5, 44, 13, 
2018/1/6, 31, 10, 
2018/1/7, 16, 13, 
2018/1/8, 28, 20, 
2018/1/9, 51, 12, 
2018/1/10, 25, 8, 
2018/1/11, 9, 8, 
2018/1/12, 9, , 
2018/1/21, 10, , 
2018/1/22, 8, 10, 
2018/1/23, 14, 9, 
2018/1/24, 12, 8, 
2018/1/25, 7, 8, 
2018/1/26, 7, 8, 
2018/1/27, 7, 8, 
2018/1/28, 8, 8, 
2018/1/29, 10, 9, 
2018/1/30, 12, 9, 
2018/1/31, 12, 12, 
2018/2/1, 23, 15, 
2018/2/2, 37, 8, 
2018/2/3, 9, 9, 
2018/2/4, 13, 10, 
2018/2/5, 17, 10, 
2018/2/6, 17, 12, 
2018/2/7, 32, 22, 
2018/2/8, 50, 14, 
2018/2/9, 32, 9, 
2018/2/10, 15, 15, 
2018/2/11, 34, 17, 
2018/2/12, 44, 13, 
2018/2/13, 29, 19, 
2018/2/14, 51, 10, 
2018/2/15, 18, 10, 
2018/2/16, 18, 9, 
2018/2/17, 13, 8, 
2018/2/18, 8, 9, 
2018/2/19, 11, 10, 
2018/2/20, 18, 10, 
2018/2/21, 16, 11, 
2018/2/22, 25, 10, 
2018/2/23, 18, 12, 
2018/2/24, 25, 9, 
2018/2/25, 13, 9, 
2018/2/26, 13, 12, 
2018/2/27, 23, 10, 
2018/2/28, 15, 8, 
2018/3/1, 8, 8, 
2018/3/2, 7, 7, 
2018/3/3, 5, 9, 
2018/3/4, 13, 10, 
2018/3/5, 23, 9, 
2018/3/6, 17, 10, 
2018/3/7, 33, 9, 
2018/3/8, 41, 8, 
2018/3/9, 21, 8, 
2018/3/10, 8, , 
2018/3/13, 22, , 
2018/3/14, 17, , 
2018/3/15, 10, , 
2018/3/16, 14, , 
2018/3/17, 23, , 
2018/3/18, 13, , 
2018/3/19, 12, , 
2018/3/20, 34, , 
2018/3/21, 40, , 
2018/3/22, 35, , 
2018/3/23, 7, , 
2018/3/24, 6, , 
2018/3/25, 12, , 
2018/3/26, 16, , 
2018/3/27, 9, , 
2018/3/28, 10, , 
2018/3/29, 16, , 
2018/3/30, 29, , 
2018/3/31, 30, , 
2018/4/1, 27, , 
2017/10/2, 13, 11, 
2017/10/3, 22, 11, 
2017/10/4, 20, 11, 
2017/10/5, 23, 14, 
2017/10/6, 37, 13, 
2017/10/7, 29, 9, 
2017/10/8, 13, 11, 
2017/10/9, 21, 14, 
2017/10/10, 33, 11, 21
2017/10/11, 23, 9, 22
2017/10/12, 12, 9, 20
2017/10/13, 11, 9, 25
2017/10/14, 14, 15, 18
2017/10/15, 36, 19, 16
2017/10/16, 48, 23, 
2017/10/17, 61, 20, 
2017/10/18, 50, 13, 
2017/10/19, 26, 8, 
2017/10/20, 10, 9, 
2017/10/21, 12, 8, 
2017/10/22, 7, 10, 
2017/10/23, 15, 13, 
2017/10/24, 30, 12, 
2017/10/25, 27, 14, 
2017/10/26, 35, 13, 
2017/10/27, 28, 16, 
2017/10/28, 40, 18, 
2017/10/29, 48, 21, 
2017/10/30, 56, 14, 
2017/10/31, 34, 15, 
2017/11/1, 34, 14, 
2017/11/2, 35, 10, 
2017/11/3, 19, 10, 
2017/11/4, 16, 17, 
2017/11/5, 42, 9, 
2017/11/6, 12, 12, 
2017/11/7, 24, 16, 
2017/11/8, 42, 17, 
2017/11/9, 44, 14, 
2017/11/10, 30, 12, 
2017/11/11, 26, 11, 
2017/11/12, 21, 12, 
2017/11/13, 23, 8, 
2017/11/14, 8, 9, 
2017/11/15, 12, 8, 
2017/11/16, 8, 8, 
2017/11/17, 9, 9, 
2017/11/18, 14, 14, 
2017/11/19, 33, 11, 
2017/11/20, 22, 11, 
2017/11/21, 18, 20, 
2017/11/22, 49, 12, 
2017/11/23, 26, 7, 
2017/11/24, 7, 9, 
2017/11/25, 12, 15, 
2017/11/26, 36, 12, 
2017/11/27, 26, 10, 
2017/11/28, 18, 8, 
2017/11/29, 10, 12, 
2017/11/30, 25, 12, 
2017/12/1, 23, 12, 
2017/12/2, 24, 9, 
2017/12/3, 15, 9, 
2017/12/4, 13, 17, 
2017/12/5, 39, 14, 
2017/12/6, 34, 9, 
2017/12/7, 15, 17, 
2017/12/8, 34, 24, 
2017/12/9, 63, 28, 
2017/12/10, 69, 19, 
2017/12/11, 49, 19, 
2017/12/12, 56, 31, 
2017/12/13, 78, 24, 
2017/12/14, 63, 19, 
2017/12/15, 49, 28, 
2017/12/16, 70, 20, 
2017/12/17, 50, 11, 
2017/12/18, 22, 9, 
2017/12/19, 13, 8, 
2017/12/20, 9, 13, 
2017/12/21, 25, 22, 
2017/12/22, 57, 14, 
2017/12/23, 33, 10, 
2017/12/24, 18, 13, 
2017/12/25, 30, 20, 
2017/12/26, 53, 19, 
2017/12/27, 51, 20, 
2017/12/28, 49, 9, 
2017/12/29, 13, 8, 
2017/12/30, 7, 12, 
2017/12/31, 23, 14, 
2018/1/1, 33, 23, 
2017/7/2, 16, 10, 
2017/7/3, 18, 9, 
2017/7/4, 12, 14, 
2017/7/5, 27, 15, 
2017/7/6, 36, 11, 
2017/7/7, 22, 11, 
2017/7/8, 20, 11, 
2017/7/9, 19, 8, 
2017/7/10, 10, 8, 
2017/7/11, 10, 9, 
2017/7/12, 12, 9, 
2017/7/13, 14, 9, 
2017/7/14, 14, 9, 
2017/7/15, 14, 9, 
2017/7/16, 12, 9, 
2017/7/17, 15, 9, 
2017/7/18, 13, 9, 
2017/7/19, 14, 9, 
2017/7/20, 12, 9, 
2017/7/21, 12, 9, 
2017/7/22, 13, 9, 
2017/7/23, 12, 9, 
2017/7/24, 14, 10, 
2017/7/25, 17, 11, 
2017/7/26, 20, 9, 
2017/7/27, 13, 9, 
2017/7/28, 12, 9, 
2017/7/29, 13, 9, 
2017/7/30, 13, 9, 
2017/7/31, 11, 9, 
2017/8/1, 15, 11, 
2017/8/2, 21, 42, 
2017/8/3, 100, 61, 
2017/8/4, 150, 35, 
2017/8/5, 83, 12, 
2017/8/6, 27, 18, 
2017/8/7, 47, 24, 
2017/8/8, 61, 36, 
2017/8/9, 92, 33, 
2017/8/10, 82, 27, 
2017/8/11, 68, 17, 
2017/8/12, 44, 10, 
2017/8/13, 18, 8, 
2017/8/14, 9, 10, 
2017/8/15, 19, 11, 
2017/8/16, 23, , 
2017/8/17, 17, 9, 
2017/8/18, 10, , 
2017/8/19, 13, , 
2017/8/20, 12, , 
2017/8/21, 17, 12, 
2017/8/22, 19, 11, 
2017/8/23, 22, 8, 
2017/8/24, 11, 8, 
2017/8/25, 10, 9, 
2017/8/26, 16, 10, 
2017/8/27, 19, 19, 
2017/8/28, 46, 44, 
2017/8/29, 108, 40, 
2017/8/30, 93, 8, 
2017/8/31, 10, 8, 
2017/9/1, 10, 11, 
2017/9/2, 20, 12, 
2017/9/3, 27, 14, 
2017/9/4, 34, 30, 
2017/9/5, 74, 74, 
2017/9/6, 159, , 
2017/9/10, 9, 9, 
2017/9/11, 12, 17, 
2017/9/12, 39, 11, 
2017/9/13, 20, 9, 
2017/9/14, 12, 9, 
2017/9/15, 14, 14, 
2017/9/16, 32, 29, 
2017/9/17, 75, 10, 
2017/9/18, 17, 8, 
2017/9/19, 10, 8, 
2017/9/20, 9, 8, 
2017/9/21, 8, 9, 
2017/9/22, 14, 10, 
2017/9/23, 19, 12, 
2017/9/24, 24, 13, 
2017/9/25, 29, 13, 
2017/9/26, 29, 12, 
2017/9/27, 27, 11, 
2017/9/28, 21, 12, 
2017/9/29, 25, 11, 
2017/9/30, 21, 10, 
2017/10/1, 18, 9, 
2017/6/6, 12, 10, 
2017/6/7, 15, 9, 
2017/6/8, 15, 8, 
2017/6/9, 7, 8, 
2017/6/10, 9, 8, 
2017/6/11, 8, 8, 
2017/6/12, 11, 8, 
2017/6/13, 8, 7, 
2017/6/14, 5, 8, 
2017/6/15, 9, 8, 
2017/6/16, 7, 7, 
2017/6/17, 5, 8, 
2017/6/18, 11, 8, 
2017/6/19, 8, 8, 
2017/6/20, 11, 7, 
2017/6/21, 7, 9, 
2017/6/22, 13, 8, 
2017/6/23, 11, 9, 
2017/6/24, 12, 9, 
2017/6/25, 15, 10, 
2017/6/26, 18, 8, 
2017/6/27, 8, 9, 
2017/6/28, 13, 9, 
2017/6/29, 13, 10, 
2017/6/30, 19, 11, 
2017/7/1, 20, 10, 
2017/1/3, 32, 10, 
2017/1/4, 19, 10, 
2017/1/5, 15, 17, 
2017/1/6, 36, 34, 
2017/1/7, 83, 21, 
2017/1/8, 57, 18, 
2017/1/9, 45, 8, 
2017/1/10, 9, 10, 
2017/1/11, 16, 15, 
2017/1/12, 34, 13, 
2017/1/13, 30, 19, 
2017/1/14, 51, 20, 
2017/1/15, 53, 20, 
2017/1/16, 53, 28, 
2017/1/17, 68, 30, 
2017/1/18, 71, 8, 
2017/1/19, 10, 8, 
2017/1/20, 9, 11, 
2017/1/21, 21, 9, 
2017/1/22, 12, 12, 
2017/1/23, 23, 16, 
2017/1/24, 37, 17, 
2017/1/25, 41, 12, 
2017/1/26, 23, 15, 
2017/1/27, 33, 24, 
2017/1/28, 61, 23, 
2017/1/29, 59, 22, 
2017/1/30, 58, 24, 
2017/1/31, 62, 21, 
2017/2/1, 53, 9, 
2017/2/2, 14, 10, 
2017/2/3, 16, 13, 
2017/2/4, 28, 8, 
2017/2/5, 7, 9, 
2017/2/6, 16, 8, 
2017/2/7, 8, 12, 
2017/2/8, 24, 17, 
2017/2/9, 43, 9, 
2017/2/10, 10, 8, 
2017/2/11, 10, 14, 
2017/2/12, 30, 20, 
2017/2/13, 50, 17, 
2017/2/14, 40, 22, 
2017/2/15, 56, 18, 
2017/2/16, 45, 8, 
2017/2/17, 8, 9, 
2017/2/18, 15, 8, 
2017/2/19, 11, 8, 
2017/2/20, 8, 9, 
2017/2/21, 15, 10, 
2017/2/22, 16, 13, 
2017/2/23, 27, 12, 
2017/2/24, 24, 11, 
2017/2/25, 21, 14, 
2017/2/26, 33, 8, 
2017/2/27, 10, 8, 
2017/2/28, 10, 8, 
2017/3/1, 9, 9, 
2017/3/2, 14, 12, 
2017/3/3, 24, 9, 
2017/3/4, 11, 8, 
2017/3/5, 9, 7, 
2017/3/6, 6, 8, 
2017/3/7, 7, 8, 
2017/3/8, 8, 9, 
2017/3/9, 14, 9, 
2017/3/10, 12, 9, 
2017/3/11, 14, 11, 
2017/3/12, 21, 10, 
2017/3/13, 14, , 
2017/3/14, 12, 9, 
2017/3/15, 12, 9, 
2017/3/16, 12, 10, 
2017/3/17, 16, 15, 
2017/3/18, 35, 11, 
2017/3/19, 16, , 
2017/3/20, 18, 12, 
2017/3/21, 20, 10, 
2017/3/22, 18, 8, 
2017/3/23, 10, 10, 
2017/3/24, 15, 8, 
2017/3/25, 11, 8, 
2017/3/26, 11, 8, 
2017/3/27, 9, 8, 
2017/3/28, 10, 10, 
2017/3/29, 16, 9, 
2017/3/30, 12, 8, 
2017/3/31, 9, 13, 
2017/4/1, 27, 12, 
2017/4/2, 26, 10, 
2017/4/3, 17, , 
2016/10/2, 17, 9, 
2016/10/3, 11, 9, 
2016/10/4, 12, 8, 
2016/10/5, 14, 9, 
2016/10/6, 13, 10, 
2016/10/7, 17, 11, 
2016/10/8, 22, 15, 
2016/10/9, 35, 10, 
2016/10/10, 15, 13, 
2016/10/11, 26, 17, 
2016/10/12, 45, 24, 
2016/10/13, 62, 15, 
2016/10/14, 34, 9, 
2016/10/15, 13, 8, 
2016/10/16, 10, 7, 
2016/10/17, 6, 8, 
2016/10/18, 9, 9, 
2016/10/19, 15, 18, 
2016/10/20, 47, 15, 
2016/10/21, 37, 21, 
2016/10/22, 51, , 
2016/10/24, 43, 14, 
2016/10/25, 31, 12, 
2016/10/26, 24, 13, 
2016/10/27, 28, 10, 
2016/10/28, 17, 14, 
2016/10/29, 33, 15, 
2016/10/30, 35, 14, 
2016/10/31, 35, 11, 
2016/11/1, 19, 10, 
2016/11/2, 17, 14, 
2016/11/3, 34, 14, 
2016/11/4, 33, 22, 
2016/11/5, 55, 14, 
2016/11/6, 31, 9, 
2016/11/7, 13, 15, 
2016/11/8, 35, 16, 
2016/11/9, 41, , 
2016/11/15, 12, 11, 
2016/11/16, 18, 10, 
2016/11/17, 18, 14, 
2016/11/18, 28, 18, 
2016/11/19, 46, 16, 
2016/11/20, 40, 8, 
2016/11/21, 7, 9, 
2016/11/22, 12, 9, 
2016/11/23, 14, 8, 
2016/11/24, 9, 8, 
2016/11/25, 8, 12, 
2016/11/26, 25, 13, 
2016/11/27, 27, 8, 
2016/11/28, 9, 9, 
2016/11/29, 13, 10, 
2016/11/30, 18, 9, 
2016/12/1, 14, 10, 
2016/12/2, 19, 9, 
2016/12/3, 15, 10, 
2016/12/4, 19, 10, 
2016/12/5, 17, 10, 
2016/12/6, 16, 12, 
2016/12/7, 24, 16, 
2016/12/8, 37, 14, 
2016/12/9, 33, 18, 
2016/12/10, 44, 9, 
2016/12/11, 15, 8, 
2016/12/12, 8, 11, 
2016/12/13, 22, 15, 
2016/12/14, 36, 12, 
2016/12/15, 27, 17, 
2016/12/16, 45, 22, 
2016/12/17, 58, 23, 
2016/12/18, 61, 33, 
2016/12/19, 81, 11, 
2016/12/20, 23, 12, 
2016/12/21, 27, 18, 
2016/12/22, 46, 20, 
2016/12/23, 52, 11, 
2016/12/24, 21, 12, 
2016/12/25, 27, , 
2016/12/28, 16, 15, 
2016/12/29, 35, 17, 
2016/12/30, 43, 17, 
2016/12/31, 44, 20, 
2017/1/1, 51, 10, 
2017/1/2, 18, 14, 
2016/9/20, 22, 9, 
2016/9/21, 14, 11, 
2016/9/22, 21, , 
2016/9/23, 17, , 
2016/9/24, 12, , 
2016/9/25, 28, , 
2016/9/26, 53, 10, 
2016/9/27, 18, 9, 
2016/9/28, 13, 10, 
2016/9/29, 18, 12, 
2016/9/30, 26, 13, 
2016/10/1, 33, 9, 
2016/4/2, 23, 11, 
2016/4/3, 21, 12, 
2016/4/4, 23, 8, 
2016/4/5, 8, 10, 
2016/4/6, 17, 13, 
2016/4/7, 31, 13, 
2016/4/8, 29, 12, 
2016/4/9, 25, 15, 
2016/4/10, 33, 10, 
2016/4/11, 17, 12, 
2016/4/12, 25, 10, 
2016/4/13, 16, 9, 
2016/4/14, 15, 7, 
2016/4/15, 7, 10, 
2016/4/16, 16, 15, 
2016/4/17, 36, 15, 
2016/4/18, 35, 11, 
2016/4/19, 21, 12, 
2016/4/20, 26, 10, 
2016/4/21, 17, 9, 
2016/4/22, 14, 8, 
2016/4/23, 9, 8, 
2016/4/24, 8, 8, 
2016/4/25, 10, 8, 
2016/4/26, 11, 10, 
2016/4/27, 19, 10, 
2016/4/28, 17, , 
2016/4/29, 13, , 
2016/4/30, 11, , 
2016/5/1, 21, , 
2016/5/2, 20, , 
2016/5/3, 16, 11, 
2016/5/4, 19, 11, 
2016/5/5, 23, 10, 
2016/5/6, 17, 10, 
2016/5/7, 18, 11, 
2016/5/8, 21, 9, 
2016/5/9, 11, 9, 
2016/5/10, 15, 10, 
2016/5/11, 18, 9, 
2016/5/12, 14, 10, 
2016/5/13, 16, 10, 
2016/5/14, 18, 10, 
2016/5/15, 15, 10, 
2016/5/16, 15, 10, 
2016/5/17, 16, 11, 
2016/5/18, 22, 10, 
2016/5/19, 16, 8, 
2016/5/20, 7, 9, 
2016/5/21, 11, 8, 
2016/5/22, 11, 8, 
2016/5/23, 10, 8, 
2016/5/24, 9, 8, 
2016/5/25, 11, 8, 
2016/5/26, 9, 10, 
2016/5/27, 16, 9, 
2016/5/28, 12, 11, 
2016/5/29, 20, 9, 
2016/5/30, 12, 10, 
2016/5/31, 16, 11, 
2016/6/1, 20, 10, 
2016/6/2, 16, 9, 
2016/6/3, 12, 11, 
2016/6/4, 21, 10, 
2016/6/5, 19, 13, 
2016/6/6, 28, 10, 
2016/6/7, 19, 11, 
2016/6/8, 21, 10, 
2016/6/9, 17, 9, 
2016/6/10, 15, 8, 
2016/6/11, 8, 8, 
2016/6/12, 10, 9, 
2016/6/13, 13, 8, 
2016/6/14, 9, 8, 
2016/6/15, 8, 8, 
2016/6/16, 10, 8, 
2016/6/17, 9, 9, 
2016/6/18, 12, 9, 
2016/6/19, 12, 9, 
2016/6/20, 14, 9, 
2016/6/21, 12, 8, 
2016/6/22, 12, 9, 
2016/6/23, 14, 8, 
2016/6/24, 8, 9, 
2016/6/25, 11, 9, 
2016/6/26, 12, 11, 
2016/6/27, 20, 11, 
2016/6/28, 21, 10, 
2016/6/29, 16, 10, 
2016/6/30, 17, 9, 
2016/7/1, 12, 9, 
2016/7/2, 13, 8, 
2016/7/3, 9, 9, 
2016/7/4, 12, , 
2016/1/5, 64, 21, 
2016/1/6, 57, 19, 
2016/1/7, 52, 24, 
2016/1/8, 61, 17, 
2016/1/9, 42, 20, 
2016/1/10, 53, 19, 
2016/1/11, 46, 23, 
2016/1/12, 59, 18, 
2016/1/13, 46, 8, 
2016/1/14, 11, 11, 
2016/1/15, 22, 13, 
2016/1/16, 28, 10, 
2016/1/17, 18, 12, 
2016/1/18, 24, 10, 
2016/1/19, 18, 9, 
2016/1/20, 11, 12, 
2016/1/21, 25, 20, 
2016/1/22, 52, 11, 
2016/1/23, 21, 10, 
2016/1/24, 16, 10, 
2016/1/25, 18, 14, 
2016/1/26, 34, 12, 
2016/1/27, 25, 12, 
2016/1/28, 25, 9, 
2016/1/29, 13, 10, 
2016/1/30, 16, 8, 
2016/1/31, 7, 11, 
2016/2/1, 21, 9, 
2016/2/2, 12, 11, 
2016/2/3, 20, 8, 
2016/2/4, 11, 10, 
2016/2/5, 19, 11, 
2016/2/6, 22, 12, 
2016/2/7, 27, 17, 
2016/2/8, 42, 15, 
2016/2/9, 37, 18, 
2016/2/10, 44, 17, 
2016/2/11, 42, 26, 
2016/2/12, 67, 14, 
2016/2/13, 30, 9, 
2016/2/14, 13, 7, 
2016/2/15, 6, 8, 
2016/2/16, 7, 11, 
2016/2/17, 22, 17, 
2016/2/18, 40, 7, 
2016/2/19, 6, 8, 
2016/2/20, 8, 10, 
2016/2/21, 17, 12, 
2016/2/22, 25, 12, 
2016/2/23, 27, 12, 
2016/2/24, 27, 19, 
2016/2/25, 48, 22, 
2016/2/26, 55, 25, 
2016/2/27, 64, 10, 
2016/2/28, 16, 9, 
2016/2/29, 13, 11, 
2016/3/1, 21, 10, 
2016/3/2, 17, 11, 
2016/3/3, 20, 9, 
2016/3/4, 14, 13, 
2016/3/5, 28, 11, 
2016/3/6, 20, 8, 
2016/3/7, 10, 8, 
2016/3/8, 8, 9, 
2016/3/9, 12, 8, 
2016/3/10, 8, 9, 
2016/3/11, 13, 11, 
2016/3/12, 22, 7, 
2016/3/13, 6, 7, 
2016/3/14, 6, 8, 
2016/3/15, 7, 9, 
2016/3/16, 12, 11, 
2016/3/17, 20, 11, 
2016/3/18, 21, 9, 
2016/3/19, 16, , 
2016/3/20, 27, , 
2016/3/21, 26, 8, 
2016/3/22, 7, 8, 
2016/3/23, 9, 8, 
2016/3/24, 9, 9, 
2016/3/25, 13, 10, 
2016/3/26, 18, 13, 
2016/3/27, 20, , 
2016/3/28, 9, 9, 
2016/3/29, 12, 13, 
2016/3/30, 27, 12, 
2016/3/31, 26, 11, 
2016/4/1, 24, 11, 
2015/12/8, 5, , 
2015/12/9, 6, 9, 
2015/12/10, 16, , 
2015/12/11, 11, , 
2015/12/12, 6, , 
2015/12/13, 11, , 
2015/12/14, 12, , 
2015/7/2, 19, 14, 
2015/7/3, 32, 12, 
2015/7/4, 27, 12, 
2015/7/5, 23, 13, 
2015/7/6, 28, 10, 
2015/7/7, 16, 9, 
2015/7/8, 12, 11, 
2015/7/9, 20, 12, 
2015/7/10, 27, 14, 
2015/7/11, 33, 9, 
2015/7/12, 15, 9, 
2015/7/13, 14, 9, 
2015/7/14, 13, 8, 
2015/7/15, 11, 9, 
2015/7/16, 13, 9, 
2015/7/17, 13, 9, 
2015/7/18, 15, , 
2015/7/19, 20, , 
2015/7/20, 25, , 
2015/7/21, 11, 9, 
2015/7/22, 12, 9, 
2015/7/23, 14, 9, 
2015/7/24, 14, 10, 
2015/7/25, 17, 9, 
2015/7/26, 12, 8, 
2015/7/27, 10, 8, 
2015/7/28, 10, 9, 
2015/7/29, 12, , 
2015/7/30, 15, 10, 
2015/7/31, 20, 11, 
2015/8/1, 20, 10, 
2015/8/2, 18, 12, 
2015/8/3, 27, 13, 
2015/8/4, 29, 9, 
2015/8/5, 12, 9, 
2015/8/6, 13, 9, 
2015/8/7, 14, 9, 
2015/8/8, 13, 8, 
2015/8/9, 7, 8, 
2015/8/10, 9, 9, 
2015/8/11, 11, 10, 
2015/8/12, 18, 15, 
2015/8/13, 35, 18, 
2015/8/14, 44, 13, 
2015/8/15, 29, 10, 
2015/8/16, 16, 11, 
2015/8/17, 23, 11, 
2015/8/18, 23, 22, 
2015/8/19, 52, 22, 
2015/8/20, 54, 11, 
2015/8/21, 19, 10, 
2015/8/22, 18, 68, 
2015/8/23, 127, 73, 
2015/8/24, 157, 12, 
2015/8/25, 24, 10, 
2015/8/26, 16, 12, 
2015/8/27, 26, 13, 
2015/8/28, 26, 11, 
2015/8/29, 19, 9, 
2015/8/30, 13, 9, 
2015/8/31, 13, 10, 
2015/9/1, 17, 10, 
2015/9/2, 16, 9, 
2015/9/3, 12, 9, 
2015/9/4, 12, 9, 
2015/9/5, 12, 8, 
2015/9/6, 11, 9, 
2015/9/7, 14, 14, 
2015/9/8, 31, 10, 
2015/9/9, 15, 10, 
2015/9/10, 16, 12, 
2015/9/11, 25, 13, 
2015/9/12, 28, 13, 
2015/9/13, 30, 10, 
2015/9/14, 15, 10, 
2015/9/15, 16, 10, 
2015/9/16, 16, 9, 
2015/9/17, 11, 8, 
2015/9/18, 9, 11, 
2015/9/19, 22, 11, 
2015/9/20, 20, 10, 
2015/9/21, 15, 9, 
2015/9/22, 11, 10, 
2015/9/23, 15, 10, 
2015/9/24, 15, 10, 
2015/9/25, 16, 11, 
2015/9/26, 22, 9, 
2015/9/27, 15, 9, 
2015/9/28, 15, 11, 
2015/9/29, 23, 12, 
2015/9/30, 27, 12, 
2015/10/1, 23, 13, 
2015/10/2, 31, 12, 
2015/10/3, 26, 10, 
2015/10/4, 16, 12, 
2015/10/5, 25, , 
2015/6/16, 25, 12, 
2015/6/17, 23, , 
2015/6/18, 16, , 
2015/6/19, 14, 9, 
2015/6/20, 12, 9, 
2015/6/21, 12, 10, 
2015/6/22, 19, 11, 
2015/6/23, 21, 11, 
2015/6/24, 20, 9, 
2015/6/25, 11, 9, 
2015/6/26, 12, 10, 
2015/6/27, 17, 13, 
2015/6/28, 32, 13, 
2015/6/29, 30, 12, 
2015/6/30, 24, 10, 
2015/7/1, 19, 11, 
2015/1/2, 48, 29, 
2015/1/3, 72, 29, 
2015/1/4, 72, 14, 
2015/1/5, 28, 12, 
2015/1/6, 24, 21, 
2015/1/7, 55, 18, 
2015/1/8, 45, 17, 
2015/1/9, 45, , 
2015/1/14, 26, , 
2015/1/16, 60, 30, 
2015/1/17, 29, 15, 
2015/1/18, 43, 9, 
2015/1/19, 15, 12, 
2015/1/20, 26, 15, 
2015/1/21, 39, , 
2015/1/26, 58, 16, 
2015/1/27, 39, 15, 
2015/1/28, 37, , 
2015/1/29, 49, , 
2015/1/30, 33, 20, 
2015/1/31, 55, 27, 
2015/2/1, 68, 19, 
2015/2/2, 50, 13, 
2015/2/3, 26, 18, 
2015/2/4, 47, 18, 
2015/2/5, 46, 12, 
2015/2/6, 27, 8, 
2015/2/7, 8, 9, 
2015/2/8, 11, 13, 
2015/2/9, 29, 8, 
2015/2/10, 7, 10, 
2015/2/11, 16, 19, 
2015/2/12, 50, 19, 
2015/2/13, 49, 17, 
2015/2/14, 43, 19, 
2015/2/15, 49, 15, 
2015/2/16, 35, 10, 
2015/2/17, 17, 11, 
2015/2/18, 25, , 
2015/2/19, 31, , 
2015/2/20, 26, , 
2015/2/21, 18, 14, 
2015/2/22, 31, 10, 
2015/2/23, 18, 12, 
2015/2/24, 26, 15, 
2015/2/25, 38, 16, 
2015/2/26, 41, 10, 
2015/2/27, 19, 8, 
2015/2/28, 10, 14, 
2015/3/1, 28, 17, 
2015/3/2, 39, 13, 
2015/3/3, 30, 20, 
2015/3/4, 48, 25, 
2015/3/5, 62, 21, 
2015/3/6, 56, 28, 
2015/3/7, 69, 25, 
2015/3/8, 62, 33, 
2015/3/9, 60, , 
2015/3/10, 51, , 
2015/3/11, 45, , 
2015/3/12, 24, 9, 
2015/3/13, 18, 14, 
2015/3/14, 34, 8, 
2015/3/15, 11, 7, 
2015/3/16, 7, 11, 
2015/3/17, 20, 11, 
2015/3/18, 18, , 
2015/3/19, 23, 13, 
2015/3/20, 29, 10, 
2015/3/21, 18, 11, 
2015/3/22, 18, 11, 
2015/3/23, 19, 7, 
2015/3/24, 7, 8, 
2015/3/25, 7, 9, 
2015/3/26, 14, 14, 
2015/3/27, 33, 11, 
2015/3/28, 20, 10, 
2015/3/29, 17, 11, 
2015/3/30, 23, 11, 
2015/3/31, 20, 8, 
2015/4/1, 8, 10, 
2015/4/2, 16, 12, 
2015/4/3, 26, 12, 
2015/4/4, 24, 12, 
2015/4/5, 26, 14, 
2015/4/6, 31, , 
2014/10/2, 23, 15, 
2014/10/3, 39, 14, 
2014/10/4, 33, 15, 
2014/10/5, 39, 16, 
2014/10/6, 39, 15, 
2014/10/7, 36, 13, 
2014/10/8, 29, 10, 
2014/10/9, 19, 18, 
2014/10/10, 46, 13, 
2014/10/11, 29, 10, 
2014/10/12, 17, 12, 
2014/10/13, 27, 11, 
2014/10/14, 22, 10, 
2014/10/15, 16, 8, 
2014/10/16, 10, 11, 
2014/10/17, 20, 19, 
2014/10/18, 51, 12, 
2014/10/19, 25, 14, 
2014/10/20, 32, 9, 
2014/10/21, 13, 10, 
2014/10/22, 16, 11, 
2014/10/23, 19, 14, 
2014/10/24, 26, 28, 
2014/10/25, 69, 12, 
2014/10/26, 25, 9, 
2014/10/27, 14, 11, 
2014/10/28, 23, 14, 
2014/10/29, 32, 17, 
2014/10/30, 39, 22, 
2014/10/31, 55, 10, 
2014/11/1, 15, 18, 
2014/11/2, 47, 11, 
2014/11/3, 22, 9, 
2014/11/4, 14, 11, 
2014/11/5, 19, 19, 
2014/11/6, 51, 12, 
2014/11/7, 25, 19, 
2014/11/8, 46, 24, 
2014/11/9, 62, 13, 
2014/11/10, 31, 13, 
2014/11/11, 30, 11, 
2014/11/12, 23, 11, 
2014/11/13, 21, 14, 
2014/11/14, 34, 19, 
2014/11/15, 47, 17, 
2014/11/16, 44, 19, 
2014/11/17, 48, 28, 
2014/11/18, 71, 33, 
2014/11/19, 83, 36, 
2014/11/20, 89, 41, 
2014/11/21, 97, 16, 
2014/11/22, 34, 10, 
2014/11/23, 15, 9, 
2014/11/24, 14, 10, 
2014/11/25, 17, 8, 
2014/11/26, 10, 11, 
2014/11/27, 19, 9, 
2014/11/28, 14, 8, 
2014/11/29, 9, 10, 
2014/11/30, 17, 12, 
2014/12/1, 26, 17, 
2014/12/2, 44, 16, 
2014/12/3, 41, 13, 
2014/12/4, 30, 17, 
2014/12/5, 45, 21, 
2014/12/6, 56, 14, 
2014/12/7, 29, 21, 
2014/12/8, 54, 22, 
2014/12/9, 56, 9, 
2014/12/10, 12, 9, 
2014/12/11, 11, 9, 
2014/12/12, 14, 12, 
2014/12/13, 26, 20, 
2014/12/14, 50, 23, 
2014/12/15, 60, 14, 
2014/12/16, 31, 14, 
2014/12/17, 34, 13, 
2014/12/18, 30, 12, 
2014/12/19, 24, 8, 
2014/12/20, 9, 7, 
2014/12/21, 6, 8, 
2014/12/22, 9, 14, 
2014/12/23, 28, 12, 
2014/12/24, 24, 8, 
2014/12/25, 10, 10, 
2014/12/26, 17, 12, 
2014/12/27, 24, 9, 
2014/12/28, 14, 9, 
2014/12/29, 14, , 
2014/7/2, 16, 10, 
2014/7/3, 19, 8, 
2014/7/4, 11, 11, 
2014/7/5, 19, 12, 
2014/7/6, 22, 10, 
2014/7/7, 16, 8, 
2014/7/8, 9, , 
2014/7/10, 17, 11, 
2014/7/11, 20, 12, 
2014/7/12, 26, 12, 
2014/7/13, 27, 10, 
2014/7/14, 19, 12, 
2014/7/15, 24, 14, 
2014/7/16, 35, 11, 
2014/7/17, 22, 11, 
2014/7/18, 21, 11, 
2014/7/19, 21, 9, 
2014/7/20, 14, 8, 
2014/7/21, 10, 9, 
2014/7/22, 12, 10, 
2014/7/23, 17, 8, 
2014/7/24, 11, 9, 
2014/7/25, 14, 10, 
2014/7/26, 16, 10, 
2014/7/27, 17, 11, 
2014/7/28, 21, 11, 
2014/7/29, 22, 10, 
2014/7/30, 19, 10, 
2014/7/31, 15, 10, 
2014/8/1, 20, 11, 
2014/8/2, 22, 12, 
2014/8/3, 24, 13, 
2014/8/4, 30, 13, 
2014/8/5, 30, 9, 
2014/8/6, 14, 10, 
2014/8/7, 17, 10, 
2014/8/8, 15, 10, 
2014/8/9, 19, 11, 
2014/8/10, 20, 12, 
2014/8/11, 25, 17, 
2014/8/12, 46, 12, 
2014/8/13, 26, 8, 
2014/8/14, 10, 9, 
2014/8/15, 11, 10, 
2014/8/16, 16, 11, 
2014/8/17, 22, 13, 
2014/8/18, 28, 12, 
2014/8/19, 27, 10, 
2014/8/20, 18, 10, 
2014/8/21, 17, 11, 
2014/8/22, 19, 12, 
2014/8/23, 24, 14, 
2014/8/24, 33, 19, 
2014/8/25, 48, 11, 
2014/8/26, 22, 18, 
2014/8/27, 47, 14, 
2014/8/28, 33, 8, 
2014/8/29, 11, 8, 
2014/8/30, 9, 9, 
2014/8/31, 13, 10, 
2014/9/1, 16, 10, 
2014/9/2, 18, 9, 
2014/9/3, 11, 10, 
2014/9/4, 16, 10, 
2014/9/5, 18, 10, 
2014/9/6, 15, 11, 
2014/9/7, 24, 17, 
2014/9/8, 43, 13, 
2014/9/9, 31, 9, 
2014/9/10, 12, 11, 
2014/9/11, 21, 10, 
2014/9/12, 16, 10, 
2014/9/13, 19, 13, 
2014/9/14, 31, 39, 
2014/9/15, 93, 60, 
2014/9/16, 132, 13, 
2014/9/17, 29, 17, 
2014/9/18, 44, 14, 
2014/9/19, 34, 11, 
2014/9/20, 19, 12, 
2014/9/21, 26, 13, 
2014/9/22, 28, 10, 
2014/9/23, 16, 15, 
2014/9/24, 37, 9, 
2014/9/25, 15, 9, 
2014/9/26, 13, 9, 
2014/9/27, 14, 11, 
2014/9/28, 21, 13, 
2014/9/29, 28, 11, 
2014/9/30, 19, 9, 
2014/10/1, 15, 12, 
2014/4/2, 13, 11, 
2014/4/3, 23, 9, 
2014/4/4, 11, 8, 
2014/4/5, 10, 9, 
2014/4/6, 15, 8, 
2014/4/7, 10, 11, 
2014/4/8, 22, 9, 
2014/4/9, 13, 9, 
2014/4/10, 12, 10, 
2014/4/11, 19, 10, 
2014/4/12, 19, 11, 
2014/4/13, 21, 11, 
2014/4/14, 22, 10, 
2014/4/15, 17, 10, 
2014/4/16, 16, 12, 
2014/4/17, 24, 11, 
2014/4/18, 21, 11, 
2014/4/19, 20, 12, 
2014/4/20, 25, 11, 
2014/4/21, 22, 13, 
2014/4/22, 29, 8, 
2014/4/23, 10, 9, 
2014/4/24, 10, 8, 
2014/4/25, 10, 8, 
2014/4/26, 11, 9, 
2014/4/27, 12, 8, 
2014/4/28, 10, 10, 
2014/4/29, 16, 12, 
2014/4/30, 25, 10, 
2014/5/1, 17, 11, 
2014/5/2, 21, 10, 
2014/5/3, 19, 9, 
2014/5/4, 12, 7, 
2014/5/5, 7, 8, 
2014/5/6, 10, 9, 
2014/5/7, 12, 11, 
2014/5/8, 21, 10, 
2014/5/9, 16, 8, 
2014/5/10, 8, 8, 
2014/5/11, 8, 9, 
2014/5/12, 13, 10, 
2014/5/13, 20, 11, 
2014/5/14, 23, 13, 
2014/5/15, 30, 15, 
2014/5/16, 38, 12, 
2014/5/17, 24, 10, 
2014/5/18, 17, 8, 
2014/5/19, 9, 8, 
2014/5/20, 9, 9, 
2014/5/21, 14, 10, 
2014/5/22, 18, 10, 
2014/5/23, 17, 9, 
2014/5/24, 11, 8, 
2014/5/25, 11, 9, 
2014/5/26, 15, 9, 
2014/5/27, 12, 9, 
2014/5/28, 14, 10, 
2014/5/29, 19, 13, 
2014/5/30, 28, 15, 
2014/5/31, 39, 12, 
2014/6/1, 26, 11, 
2014/6/2, 20, 12, 
2014/6/3, 27, 12, 
2014/6/4, 25, 13, 
2014/6/5, 29, 11, 
2014/6/6, 22, 10, 
2014/6/7, 17, 9, 
2014/6/8, 12, 8, 
2014/6/9, 11, 8, 
2014/6/10, 9, 9, 
2014/6/11, 12, 9, 
2014/6/12, 13, 8, 
2014/6/13, 10, 9, 
2014/6/14, 14, 12, 
2014/6/15, 27, 12, 
2014/6/16, 25, 8, 
2014/6/17, 11, 8, 
2014/6/18, 11, 9, 
2014/6/19, 15, 9, 
2014/6/20, 13, 8, 
2014/6/21, 11, 10, 
2014/6/22, 18, 11, 
2014/6/23, 22, 10, 
2014/6/24, 17, 9, 
2014/6/25, 13, 11, 
2014/6/26, 21, 8, 
2014/6/27, 10, 8, 
2014/6/28, 7, 8, 
2014/6/29, 8, 8, 
2014/6/30, 9, 9, 
2014/7/1, 15, 10, 
2014/1/2, 75, 16, 
2014/1/3, 42, 17, 
2014/1/4, 40, 26, 
2014/1/5, 66, 31, 
2014/1/6, 77, 26, 
2014/1/7, 65, 28, 
2014/1/8, 66, 9, 
2014/1/9, 14, 9, 
2014/1/10, 15, 12, 
2014/1/11, 26, 9, 
2014/1/12, 12, 10, 
2014/1/13, 15, 14, 
2014/1/14, 34, 23, 
2014/1/15, 59, 18, 
2014/1/16, 47, 22, 
2014/1/17, 58, 20, 
2014/1/18, 52, 21, 
2014/1/19, 52, 20, 
2014/1/20, 53, 20, 
2014/1/21, 54, 20, 
2014/1/22, 51, 18, 
2014/1/23, 47, 12, 
2014/1/24, 24, 15, 
2014/1/25, 35, 23, 
2014/1/26, 59, 32, 
2014/1/27, 81, 25, 
2014/1/28, 64, 18, 
2014/1/29, 47, 9, 
2014/1/30, 15, 9, 
2014/1/31, 14, 9, 
2014/2/1, 14, 11, 
2014/2/2, 22, 21, 
2014/2/3, 55, 13, 
2014/2/4, 30, 17, 
2014/2/5, 42, 10, 
2014/2/6, 17, 11, 
2014/2/7, 22, 16, 
2014/2/8, 41, 14, 
2014/2/9, 32, 25, 
2014/2/10, 62, 16, 
2014/2/11, 35, 8, 
2014/2/12, 10, 8, 
2014/2/13, 8, 12, 
2014/2/14, 23, 10, 
2014/2/15, 16, 9, 
2014/2/16, 15, 8, 
2014/2/17, 7, 8, 
2014/2/18, 8, 9, 
2014/2/19, 12, 8, 
2014/2/20, 10, 8, 
2014/2/21, 10, 12, 
2014/2/22, 25, 14, 
2014/2/23, 31, 15, 
2014/2/24, 35, 10, 
2014/2/25, 16, 9, 
2014/2/26, 14, 11, 
2014/2/27, 22, 13, 
2014/2/28, 27, 12, 
2014/3/1, 25, , 
2014/3/4, 8, 11, 
2014/3/5, 20, 9, 
2014/3/6, 13, 8, 
2014/3/7, 9, 10, 
2014/3/8, 15, 13, 
2014/3/9, 27, 8, 
2014/3/10, 8, 8, 
2014/3/11, 11, 12, 
2014/3/12, 27, 15, 
2014/3/13, 35, 14, 
2014/3/14, 35, 11, 
2014/3/15, 21, 12, 
2014/3/16, 23, 8, 
2014/3/17, 10, 9, 
2014/3/18, 13, 11, 
2014/3/19, 21, 11, 
2014/3/20, 23, 12, 
2014/3/21, 25, 11, 
2014/3/22, 20, 13, 
2014/3/23, 31, 16, 
2014/3/24, 39, 21, 
2014/3/25, 53, 10, 
2014/3/26, 16, 8, 
2014/3/27, 7, 8, 
2014/3/28, 7, 8, 
2014/3/29, 9, 8, 
2014/3/30, 9, 8, 
2014/3/31, 11, 12, 
2014/4/1, 24, 9, 
2017/6/5, , 9, 
2016/10/23, , 18, 
2016/11/14, , 9, 
2016/9/19, , 11, 
2016/1/4, , 25, 
2015/12/7, , 7, 
2015/6/15, , 12, 
2015/1/1, , 19, 
2015/1/13, , 12, 
2015/1/25, , 23, 
2014/7/9, , 10, 
2014/1/1, , 29, 
2014/3/3, , 8, 
2019/7/1, , , 
2018/7/8, , , 
2018/7/9, , , 
2018/9/16, , , 25
2018/9/17, , , 23
2018/5/14, , , 
2018/6/9, , , 